id	abbreviation	name	formula	mass	source	inchikey	charge	is_core	is_obsolete	linked_compound	is_cofactor	deltag	deltagerr	pka	pkb	abstract_compound	comprised_of	aliases	smiles	notes
cpd13044	[enzyme]-lysine	[enzyme]-lysine	C7H14N3O2R2	173.0	Primary Database		1	1	0	null	0	10000000.0	10000000.0	1:3:17.99;1:5:14.71	1:6:1.51;1:11:-0.31;1:14:10.21	null	null	Name: [eIF5A-precursor]-lysine; [enzyme]-lysine|KEGG: C07281	*NC(=O)[C@H](CCCC[NH3+])NC(*)=O	GC
cpd13045	[eIF5A-precursor]-deoxyhypusine	[eIF5A-precursor]-deoxyhypusine	C11H24N4O2R2	244.0	Primary Database		2	1	0	null	0	10000000.0	10000000.0	1:4:17.77;1:6:14.47	1:7:1.51;1:12:-0.31;1:14:11.38;1:19:10.17	null	null	Name: Protein N6-(4-Aminobutyl)-L-lysine; [eIF5A-precursor]-deoxyhypusine|KEGG: C07282	*NC(=O)[C@H](CCCC[NH2+]CCCC[NH3+])NC(*)=O	GC
cpd13046	(1->3)-beta-D-Galactans	(1->3)-beta-D-Galactans	C18H32O16	504.0	Primary Database		0	1	0	null	0	10000000.0	10000000.0			null	null	Name: (1->3)-beta-D-Galactans; (1->3)-beta-D-Galactopyranans|KEGG: C07283		null
cpd13047	[Arabino-galacto-(1->6)]-(1->3)-beta-D-galactans	[Arabino-galacto-(1->6)]-(1->3)-beta-D-galactans	C29H48O23	766.0	Primary Database		0	1	0	null	0	10000000.0	10000000.0			null	null	Name: [Arabino-galacto-(1->6)]-(1->3)-beta-D-galactans|KEGG: C07286		null
cpd13048	Dihydrofurano derivative	Dihydrofurano derivative	null	0.0	Primary Database		0	1	0	null	0	10000000.0	10000000.0			null	null	Name: Dihydrofurano derivative|KEGG: C07291		null
cpd13049	Glutaredoxin	Glutaredoxin	C10H16N3O6S	306.0	Primary Database		-1	1	0	null	0	10000000.0	10000000.0			null	null	Name: Glutaredoxin|KEGG: C07292		null
cpd13050	gtdss	Glutaredoxin disulfide	C20H30N6O12S2	610.0	Primary Database		-2	1	0	null	0	10000000.0	10000000.0			null	null	Name: Glutaredoxin disulfide; [glutaredoxin]-disulfide|KEGG: C07293|iMO1053-PAO1: gtdss|iMO1056: gtdss		null
cpd13051	Cutin	Cutin	null	0.0	Primary Database		0	1	0	null	0	10000000.0	10000000.0			null	null	Name: Cutin|KEGG: C07299		null
cpd13052	Cutin monomer	Cutin monomer	null	0.0	Primary Database		0	1	0	null	0	10000000.0	10000000.0			null	null	Name: Cutin monomer|KEGG: C07300		null
cpd13053	Products of ATP breakdown	Products of ATP breakdown	null	0.0	Primary Database		0	1	0	null	0	10000000.0	10000000.0			null	null	Name: Products of ATP breakdown; products-of-ATP-breakdown; unspecified products of ATP breakdown|KEGG: C07305|MetaCyc: PRODUCTS-OF-ATP-BREAKDOWN		null
cpd13054	Cacodylate	Cacodylate	C2H6AsO2	137.0	Primary Database	OGGXGZAMXPVRFZ-UHFFFAOYSA-M	-1	1	0	null	0	10000000.0	10000000.0	1:4:6.22		null	null	Name: CACODYLATE ION; Cacodylate; DMA; DMA(V); DMA<sup>V</sup>; DMAV; Dimethylarsinate; Kakodylat; Me2AsO2(-); [As(CH3)2O2](-); cacodylate; cacodylic acid; dimethylarsinate; dimethylarsinic acid|EcoCyc: DIMETHYLARSINATE|KEGG: C07308|MetaCyc: CPD-24362; DIMETHYLARSINATE	C[As](C)(=O)[O-]	GC
cpd13055	Sucralfate	Sucralfate	C12H14O11R8	342.0	Primary Database		0	1	0	null	0	10000000.0	10000000.0		1:7:-4.36;1:10:-3.96;1:11:-5.17;1:19:-4.56;1:21:-3.71;1:23:-4.81;1:27:-4.16;1:29:-3.35	null	null	Name: Sucralfate|KEGG: C07314	*OC[C@H]1O[C@H](O[C@]2(CO*)O[C@H](CO*)[C@@H](O*)[C@@H]2O*)[C@H](O*)[C@@H](O*)[C@@H]1O*	GC
cpd13057	Phlorisobutyrophenone	Phlorisobutyrophenone	C10H12O4	0.0	Primary Database	BNEBXEZRBLYBCZ-UHFFFAOYSA-N	0	1	0	null	0	-25.92	1.56	1:7:11.95;1:8:8.01;1:9:10.64;1:11:17.36	1:7:-3.61;1:8:-6.33;1:9:-3.61;1:14:-7.82	null	null	Name: 1-isobutanoyl-2,4,6-trihydroxybenzene; 1-isobutyryl-2,4,6-trihydroxybenzene; 2-Methyl-1-(2,4,6-trihydroxyphenyl)-1-propanone; 2-isobutanoylphloroglucinol; 2-methyl-1-(2,4,6-trihydroxyphenyl)-1-propanone; 2-methyl-1-(2,4,6-trihydroxyphenyl)propan-1-one; Phlorisobutyrophenone; phlorisobutanophenone; phlorisobutyrophenone|AraCyc: CPD-7104|BrachyCyc: CPD-7104|ChlamyCyc: CPD-7104|KEGG: C07351|MetaCyc: CPD-7104	CC(C)C(=O)c1c(O)cc(O)cc1O	GC|EQ|EQU
cpd13083	Nitrazepam	Nitrazepam	C15H11N3O3	281.0	Primary Database	KJONHKAYOJNZEC-UHFFFAOYSA-N	0	1	0	null	0	10000000.0	10000000.0	1:4:11.64;1:7:17.17	1:5:2.65;1:12:-9.02	null	null	Name: Nitrazepam|KEGG: C07487	O=C1CN=C(c2ccccc2)c2cc([N+](=O)[O-])ccc2N1	GC|EQ
cpd13195	Etanercept	Etanercept	null	0.0	Primary Database		0	1	0	null	0	10000000.0	10000000.0			null	null	Name: Etanercept|KEGG: C07897		null
cpd13196	Interferon alfa-2a	Interferon alfa-2a	null	0.0	Primary Database		0	1	0	null	0	10000000.0	10000000.0			null	null	Name: Interferon alfa-2a; Interferon alpha-2A|KEGG: C07900		null
cpd13197	Interferon beta-1b	Interferon beta-1b	null	0.0	Primary Database		0	1	0	null	0	10000000.0	10000000.0			null	null	Name: Interferon beta-1b|KEGG: C07901		null
cpd13198	Interferon gamma-1b	Interferon gamma-1b	null	0.0	Primary Database		0	1	0	null	0	10000000.0	10000000.0			null	null	Name: Interferon gamma-1b|KEGG: C07902		null
cpd13199	Aldesleukin	Aldesleukin	null	0.0	Primary Database		0	1	0	null	0	10000000.0	10000000.0			null	null	Name: Aldesleukin; Interleukin-2|KEGG: C07903		null
cpd13218	Botulin A	Botulin A	null	0.0	Primary Database		0	1	0	null	0	10000000.0	10000000.0			null	null	Name: Botulin A; Botulinum toxin type A|KEGG: C07946		null
cpd13267	Benzalkonium chloride	Benzalkonium chloride	C9H13ClNR	35.0	Primary Database		0	1	0	null	0	10000000.0	10000000.0	2:1:-7.00		null	null	Name: Benzalkonium chloride; Parasterol|KEGG: C08037	*[N+](C)(C)Cc1ccccc1.[Cl-]	GC
cpd13269	Povidone-iodine	Povidone-iodine	C6H9I2NOR2	367.0	Primary Database		0	1	0	null	0	10000000.0	10000000.0			null	null	Name: Polyvinylpyrrolidone-iodine complex; Povidone-iodine|KEGG: C08043		null
cpd13319	Thyroid	Thyroid	null	0.0	Primary Database		0	1	0	null	0	10000000.0	10000000.0			null	null	Name: Thyroid|KEGG: C08215		null
cpd13332	Fucoidan	Fucoidan	C18H27O21R4S3	679.0	Primary Database		-3	1	0	null	0	10000000.0	10000000.0			null	null	Name: Fucoidan|KEGG: C08253		null
cpd13333	Polysialic acid acetylated at O-9	Polysialic acid acetylated at O-9	C12H15NO9R3	309.0	Primary Database		-1	1	0	null	0	10000000.0	10000000.0			null	null	Name: Polysialic acid acetylated at O-9|KEGG: C08721		null
cpd13334	Agar	Agar	null	0.0	Primary Database		0	1	0	null	0	10000000.0	10000000.0			null	null	Name: Agar|KEGG: C08815		null
cpd13335	Carrageenan	Carrageenan	null	0.0	Primary Database		0	1	0	null	0	10000000.0	10000000.0			null	null	Name: Carrageenan|KEGG: C08818		null
cpd13336	Cholla gum	Cholla gum	null	0.0	Primary Database		0	1	0	null	0	10000000.0	10000000.0			null	null	Name: Cholla gum|KEGG: C08820		null
cpd13337	Gum arabic	Gum arabic	null	0.0	Primary Database		0	1	0	null	0	10000000.0	10000000.0			null	null	Name: Gum arabic|KEGG: C08822		null
cpd13338	Gum ghatti	Gum ghatti	null	0.0	Primary Database		0	1	0	null	0	10000000.0	10000000.0			null	null	Name: Gum ghatti|KEGG: C08824		null
cpd13339	Gum karaya	Gum karaya	null	0.0	Primary Database		0	1	0	null	0	10000000.0	10000000.0			null	null	Name: Gum karaya|KEGG: C08826		null
cpd13340	Tragacanth	Tragacanth	null	0.0	Primary Database		0	1	0	null	0	10000000.0	10000000.0			null	null	Name: Gum tragacanth; Tragacanth|KEGG: C08827		null
cpd13341	Mesquite gum	Mesquite gum	null	0.0	Primary Database		0	1	0	null	0	10000000.0	10000000.0			null	null	Name: Mesquite gum|KEGG: C08828		null
cpd13342	Activated methyl group	Activated methyl group	null	0.0	Primary Database		0	1	0	null	0	10000000.0	10000000.0			null	null	Name: Activated methyl group|AlgaGEM: S_Activated_32_methyl_32_group_c|AraGEM: S_Activated_32_methyl_32_group_c|KEGG: C10905|Maize_C4GEM: S_Activated_32_methyl_32_group_c|iRS1563: M_C10905_c		null
cpd13343	Assert	Assert	null	0.0	Primary Database		0	1	0	null	0	10000000.0	10000000.0			null	null	Name: 2-[4,5-Dihydro-4-methyl-4-(1-methylethyl)-5-oxo-1H-imidazol-2-yl]-4(or 5)-methylbenzoic acid methyl ester; 2-[4,5-dihydro-4-methyl-4-(1-methylethyl)-5-oxo-1H-imidazol-2-yl]- 4(or 5)-methylbenzoic acid methyl ester; Assert; Imazamethabenz; Imazamethabenz-methyl|KEGG: C11083		null
cpd13345	[Dihydroxymethylglutaryl-CoA reductase (NADPH)]	[Dihydroxymethylglutaryl-CoA reductase (NADPH)]	null	0.0	Primary Database		0	1	0	null	0	10000000.0	10000000.0			null	null	Name: [Dihydroxymethylglutaryl-CoA reductase (NADPH)]|KEGG: C11137		null
cpd13346	3,5,3'-Triiodophenylpyruvate	3,5,3'-Triiodophenylpyruvate	null	0.0	Orphan		0	1	0	null	0	10000000.0	10000000.0			null	null	Name: 3,5,3'-Triiodophenylpyruvate		null
cpd13347	[Dihydroxymethylglutaryl-CoA reductase (NADPH)] phosphate	[Dihydroxymethylglutaryl-CoA reductase (NADPH)] phosphate	null	0.0	Primary Database		0	1	0	null	0	10000000.0	10000000.0			null	null	Name: [Dihydroxymethylglutaryl-CoA reductase (NADPH)] phosphate|KEGG: C11139		null
cpd13355	Polybrene	Polybrene	C13H32Br2N2	374.0	Primary Database		2	1	0	null	0	10000000.0	10000000.0			null	null	Name: Hexadimethrine bromide; Polybrene|KEGG: C11205		null
cpd13357	Bacterio-chlorophyll c	Bacterio-chlorophyll c	C45H51MgN4O4R3	738.0	Primary Database		1	1	0	null	0	10000000.0	10000000.0			null	null	Name: Bacterio-chlorophyll c; Bacterio-chlorophyll d; Bacterio-chlorophyll e; CPD-9092; a bacteriochlorophyll <i>c</i>; bacteriochlorophyll c|KEGG: C11244|MetaCyc: CPD-9092		null
cpd13361	Solutol HS 15	Solutol HS 15	C20H40O4	344.0	Primary Database		0	1	0	null	0	10000000.0	10000000.0			null	null	Name: Solutol HS 15|KEGG: C11317		null
cpd13362	Gentamicin sulfate	Gentamicin sulfate	C19H42N5O11R2S	546.0	Primary Database		3	1	0	null	0	10000000.0	10000000.0	1:4:1.90;1:5:-3.03;2:14:12.63;2:16:13.84;2:20:13.18	2:14:-3.78;2:16:-3.42;2:17:7.41;2:19:8.88;2:20:-3.63;2:21:9.38;2:31:11.90;2:33:8.41	null	null	Name: Gentamicin C complex sulfate; Gentamicin sulfate; Gentamycin sulfate|KEGG: C11334	O=S(=O)([O-])[O-].[1*][C@@H]([NH2+][2*])[C@@H]1CC[C@@H]([NH3+])[C@@H](O[C@@H]2[C@@H]([NH3+])C[C@@H]([NH3+])[C@H](O[C@H]3OC[C@](C)(O)[C@H]([NH2+]C)[C@H]3O)[C@H]2O)O1	GC
cpd13363	Amino group donor	Amino group donor	null	0.0	Primary Database		0	1	0	null	0	10000000.0	10000000.0			null	null	Name: Amino group donor|KEGG: C11349		null
cpd13364	Formyl-L-methionyl peptide	Formyl-L-methionyl peptide	C12H16N4O6R3S	347.0	Primary Database		-1	1	0	null	0	10000000.0	10000000.0	1:7:13.65;1:13:14.97;1:15:12.82;1:23:3.59	1:17:0.23;1:18:2.00;1:19:0.88;1:20:1.27	null	null	Name: FORMYL-L-METHIONYL-PEPTIDE; Formyl-L-methionyl peptide; formyl-L-methionyl peptide|KEGG: C11439|iRS1563: M_C11439_c	*[C@H](NC(=O)[C@H](*)NC(=O)[C@H](*)NC(=O)C(CCSC)NC=O)C(=O)[O-]	GC
cpd13365	Methionyl peptide	Methionyl peptide	C11H17N4O5R3S	319.0	Primary Database		0	1	0	null	0	10000000.0	10000000.0	1:7:13.50;1:10:14.70;1:13:15.52;1:21:3.29	1:15:8.12;1:16:1.82;1:17:0.78;1:18:1.20	null	null	Name: METHIONYL-PEPTIDE; Methionyl peptide; methionyl peptide|KEGG: C11440|iRS1563: M_C11440_c	*[C@H](NC(=O)[C@H](*)NC(=O)[C@H](*)NC(=O)C([NH3+])CCSC)C(=O)[O-]	GC
cpd13366	Acetyl-[pcp]	Acetyl-[pcp]	C2H3ORS	76.0	Primary Database		0	1	0	null	0	10000000.0	10000000.0			null	null	Name: Acetyl-[pcp]|KEGG: C11444		null
cpd13367	3-Amino-3-(5-chloro-3,4-dihydroxyphenyl)propanoyl-[pcp]	3-Amino-3-(5-chloro-3,4-dihydroxyphenyl)propanoyl-[pcp]	C9H10ClNO3RS	247.0	Primary Database		1	1	0	null	0	10000000.0	10000000.0	1:7:8.71;1:16:11.83	1:7:-6.55;1:11:7.93;1:13:-5.94;1:16:-6.64	null	null	Name: (3S)-3-Amino-3-(3-chloro-4,5-dihydroxyphenyl)propanoyl-[peptidyl-carrier protein SgcC2]; 3-Amino-3-(5-chloro-3,4-dihydroxyphenyl)propanoyl-[pcp]|KEGG: C11449	*SC(=O)C[C@H]([NH3+])c1cc(O)c(O)c(Cl)c1	GC
cpd13368	3,4-Dihydroxy-L-phenylalanyl-[pcp]	3,4-Dihydroxy-L-phenylalanyl-[pcp]	C9H10NO3RS	213.0	Primary Database		0	1	0	null	0	10000000.0	10000000.0			null	null	Name: 3,4-Dihydroxy-L-phenylalanyl-[pcp]|KEGG: C11463		null
cpd13369	5-Chloro-3,4-dihydroxy-L-phenylalanyl-[pcp]	5-Chloro-3,4-dihydroxy-L-phenylalanyl-[pcp]	C9H9ClNO3RS	247.0	Primary Database		0	1	0	null	0	10000000.0	10000000.0			null	null	Name: 5-Chloro-3,4-dihydroxy-L-phenylalanyl-[pcp]|KEGG: C11464		null
cpd13370	DNA containing guanine	DNA containing guanine	C20H26N5O17P3R2	704.0	Primary Database		-4	1	0	null	0	10000000.0	10000000.0			null	null	Name: DNA containing guanine|KEGG: C11475		null
cpd13371	Sugar	Sugar	null	0.0	Primary Database		0	1	0	null	0	10000000.0	10000000.0			null	null	Name: Sugar|KEGG: C11477|iRS1597: C11477_c		null
cpd13372	tRNA containing 5-aminomethyl-2-thiouridine	tRNA containing 5-aminomethyl-2-thiouridine	C20H29N3O20P3R2S	0.0	Primary Database		-3	1	0	null	0	10000000.0	10000000.0			null	null	Name: tRNA containing 5-aminomethyl-2-thiouridine; tRNA containing nm5s2U|KEGG: C11478		null
cpd13373	Holo-Lys2	Holo-Lys2	HRS	34.0	Primary Database		0	1	0	null	0	10000000.0	10000000.0	1:1:10.39		null	null	Name: Holo-Lys2; [Enzyme]-Phosphopantetheine; [Enzyme]-acyl-binding site; [Enzyme]-phosphopantetheine|AlgaGEM: S_Holo_45_Lys2_c|KEGG: C11482	*S	GC
cpd13374	Diphospho-myo-inositol polyphosphate	Diphospho-myo-inositol polyphosphate	null	0.0	Primary Database		0	1	0	null	0	10000000.0	10000000.0			null	null	Name: Diphospho-myo-inositol polyphosphate|KEGG: C11524		null
cpd13375	myo-Inositol polyphosphate	myo-Inositol polyphosphate	null	0.0	Primary Database		0	1	0	null	0	10000000.0	10000000.0			null	null	Name: myo-Inositol polyphosphate|KEGG: C11525		null
cpd13376	3-(Acyloxy)acyl group of bacterial toxin	3-(Acyloxy)acyl group of bacterial toxin	C54H87N2O25P2R7	1234.0	Primary Database		-4	1	0	null	0	10000000.0	10000000.0	1:6:11.63;1:21:0.61;1:22:5.65;1:44:12.37;1:51:1.29;1:52:6.37	1:19:3.11;1:55:2.52	null	null	Name: 3-(Acyloxy)acyl group of bacterial toxin|KEGG: C11547	*CCCCCCCC(O)CC(=O)N[C@H]1[C@@H](OP(=O)([O-])[O-])O[C@H](CO[C@@H]2O[C@H](CO*)[C@@H](OP(=O)([O-])[O-])[C@H](OC(=O)CC(CCCCCCC*)OC(*)=O)[C@H]2NC(=O)CC(CCCCCCC*)OC(*)=O)[C@@H](O)[C@@H]1OC(=O)CC(O)CCCCCCC*	GC
cpd13377	3-Hydroxyacyl group of bacterial toxin	3-Hydroxyacyl group of bacterial toxin	C52H89N2O23P2R5	1178.0	Primary Database		-4	1	0	null	0	10000000.0	10000000.0	1:6:12.70;1:21:0.61;1:22:5.65;1:44:12.11;1:51:1.29;1:52:6.37	1:19:2.51;1:55:3.10	null	null	Name: 3-Hydroxyacyl group of bacterial toxin|KEGG: C11548	*CCCCCCCC(O)CC(=O)N[C@H]1[C@@H](OP(=O)([O-])[O-])O[C@H](CO[C@@H]2O[C@H](CO*)[C@@H](OP(=O)([O-])[O-])[C@H](OC(=O)CC(O)CCCCCCC*)[C@H]2NC(=O)CC(O)CCCCCCC*)[C@@H](O)[C@@H]1OC(=O)CC(O)CCCCCCC*	GC
cpd13378	Poly[(R)-3-hydroxyoctanoate]n	Poly[(R)-3-hydroxyoctanoate]n	C8H14O2R2	144.0	Primary Database		0	1	0	null	0	10000000.0	10000000.0			null	null	Name: Poly[(R)-3-hydroxyoctanoate]n; Poly[(R)-3-hydroxyoctanoate]n-x|KEGG: C11549		null
cpd13379	Poly[(R)-3-hydroxyoctanoate]x	Poly[(R)-3-hydroxyoctanoate]x	C8H14O2R2	144.0	Primary Database		0	1	0	null	0	10000000.0	10000000.0			null	null	Name: Poly[(R)-3-hydroxyoctanoate]x|KEGG: C11550		null
cpd13380	Poly[(R)-3-hydroxybutanoate]n	Poly[(R)-3-hydroxybutanoate]n	C4H6O2R2	88.0	Primary Database		0	1	0	null	0	10000000.0	10000000.0			null	null	Name: Poly[(R)-3-hydroxybutanoate]n; Poly[(R)-3-hydroxybutanoate]n-x|KEGG: C11551		null
cpd13381	Poly[(R)-3-hydroxybutanoate]x	Poly[(R)-3-hydroxybutanoate]x	C4H6O2R2	88.0	Primary Database		0	1	0	null	0	10000000.0	10000000.0			null	null	Name: Poly[(R)-3-hydroxybutanoate]x|KEGG: C11552		null
cpd13382	[Heparan sulfate]-glucosamine 3-sulfate	[Heparan sulfate]-glucosamine 3-sulfate	C18H27N2O27RS4	836.0	Primary Database		-4	1	0	null	0	10000000.0	10000000.0			null	null	Name: [Heparan sulfate]-glucosamine 3-sulfate|KEGG: C11553		null
cpd13383	1-Phosphatidyl-1D-myo-inositol 3,4-bisphosphate	1-Phosphatidyl-1D-myo-inositol 3,4-bisphosphate	C11H14O19P3R2	547.0	Primary Database		-5	1	0	null	0	10000000.0	10000000.0	1:1:5.72;1:3:0.63;1:6:13.26;1:12:14.28;1:14:12.59;1:18:1.94;1:24:6.34;1:25:1.21	1:6:-3.67;1:12:-3.67;1:14:-3.69	null	null	Name: 1,2-Diacyl-sn-glycero-3-phospho-(1'-myo-inositol-3',4'-bisphosphate); 1-Phosphatidyl-1D-myo-inositol 3,4-bisphosphate; 1-phosphatidyl-1D-myo-inositol 3,4-bisphosphate; 1-phosphatidyl-1D-myo-inositol 3,4-bisphosphate pentaanion; a 1,2-diacyl-sn-glycero-3-phospho-(1D-myo-inositol-3,4-bisphosphate)|KEGG: C11554	*C(=O)OC[C@H](COP(=O)([O-])O[C@@H]1[C@H](O)[C@H](OP(=O)([O-])[O-])[C@@H](OP(=O)([O-])[O-])[C@H](O)[C@H]1O)OC(*)=O	GC
cpd13384	ptd135bp_SC	1-Phosphatidyl-1D-myo-inositol 3,5-bisphosphate	C11H14O19P3R2	547.0	Primary Database		-5	1	0	null	0	10000000.0	10000000.0	1:1:0.81;1:3:1.99;1:9:1.35;1:10:6.49;1:15:13.75;1:17:13.17;1:20:12.59;1:23:5.89	1:15:-3.69;1:17:-3.69;1:20:-3.69	null	null	Name: 1,2-Diacyl-sn-glycero-3-phospho-(1'-myo-inositol-3',5'-bisphosphate); 1-Phosphatidyl-1D-myo-inositol 3,5-bisphosphate; 1-Phosphatidyl-D-myo-inositol 3,5-bisphosphate, yeast-specific; 2,3-bis(alkanoyloxy)propyl (1S,2R,3R,4S,5S,6R)-2,4,6-trihydroxy-3,5-bis(phosphonatooxy)cyclohexyl phosphate; a 1,2-diacyl-sn-glycero-3-phospho-(1D-myo-inositol-3,5-bisphosphate)|BiGG: ptd135bp_SC|KEGG: C11556|iIN800: ptd135bp_SC|iMM904: ptd135bp_SC	*C(=O)OC[C@H](COP(=O)([O-])O[C@H]1[C@H](O)[C@@H](OP(=O)([O-])[O-])[C@H](O)[C@@H](OP(=O)([O-])[O-])[C@H]1O)OC(*)=O	GC
cpd13385	1-Phosphatidyl-1D-myo-inositol 5-phosphate	1-Phosphatidyl-1D-myo-inositol 5-phosphate	C11H15O16P2R2	468.0	Primary Database		-3	1	0	null	0	10000000.0	10000000.0	1:1:14.89;1:5:1.08;1:6:1.92;1:11:13.75;1:13:12.46;1:16:13.10;1:19:6.19	1:1:-3.65;1:11:-3.67;1:13:-3.69;1:16:-3.67;1:30:-5.26	null	null	Name: 1,2-Diacyl-sn-glycero-3-phospho-(1'-myo-inositol-5'-phosphate); 1-Phosphatidyl-1D-myo-inositol 5-phosphate; 1-phosphatidyl-1D-myo-inositol 5-phosphate trianion; 1-phosphatidyl-1D-myo-inositol 5-phosphate trianions; 2,3-bis(alkanoyloxy)propyl (1R,2R,3R,4R,5S,6R)-2,3,4,6-tetrahydroxy-5-(phosphonatooxy)cyclohexyl phosphate; a 1,2-diacyl-sn-glycero-3-phospho-(1D-myo-inositol-5-phosphate)|KEGG: C11557	*C(=O)OC[C@H](COP(=O)([O-])O[C@H]1[C@H](O)[C@@H](OP(=O)([O-])[O-])[C@H](O)[C@@H](O)[C@H]1O)OC(*)=O	GC
cpd13386	Glycoprotein with the oligosaccharide chain attached by N-glycosyl linkage to protein L-asparagine	Glycoprotein with the oligosaccharide chain attached by N-glycosyl linkage to protein L-asparagine	C21H32N5O13R3	565.0	Primary Database		0	1	0	null	0	10000000.0	10000000.0	1:8:13.97;1:13:11.29;1:20:12.00;1:22:13.07;1:31:12.52;1:33:13.49	1:12:2.51;1:22:-3.51;1:33:-3.49;1:39:1.00	null	null	Name: Glycoprotein with the oligosaccharide chain attached by N-glycosyl linkage to protein L-asparagine|KEGG: C11572	*NC(=O)[C@H](CC(=O)N[C@@H]1O[C@H](CO)[C@@H](O[C@@H]2O[C@H](CO)[C@@H](O*)[C@H](O)[C@H]2NC(C)=O)[C@H](O)[C@H]1NC(C)=O)NC(*)=O	GC
cpd13387	Polymyxin B	Polymyxin B	C55H100N16O13R	1188.0	Primary Database		5	1	0	null	0	10000000.0	10000000.0	1:1:11.92	1:10:2.66;1:15:3.46;1:35:9.84;1:38:10.24;1:41:9.24;1:62:9.54;1:77:8.84	null	null	Name: Polymyxin B; Polymyxin_B; polymyxin B|KEGG: C11612|MetaCyc: CPD-19297	*CC(C)CCCCC(=O)N[C@@H](CC[NH3+])C(=O)N[C@H](C(=O)N[C@@H](CC[NH3+])C(=O)N[C@H]1CCNC(=O)[C@H]([C@@H](C)O)NC(=O)[C@H](CC[NH3+])NC(=O)[C@H](CC[NH3+])NC(=O)[C@H](CC(C)C)NC(=O)[C@@H](Cc2ccccc2)NC(=O)[C@H](CC[NH3+])NC1=O)[C@@H](C)O	GC
cpd13388	Polymyxin B sulfate	Polymyxin B sulfate	C55H100N16O17RS	1285.0	Primary Database		3	1	0	null	0	10000000.0	10000000.0			null	null	Name: Polymixin B sulfate; Polymyxin B sulfate|KEGG: C11613		null
cpd13389	Prenyl-Cys methyl esters	Prenyl-Cys methyl esters	C12H19N3O4R2S	303.0	Primary Database		0	1	0	null	0	10000000.0	10000000.0			null	null	Name: Prenyl-Cys methyl esters|KEGG: C11614		null
cpd13390	Triton X-100	Triton X-100	C16H26O2	250.0	Primary Database	JYCQQPHGFMYQCF-UHFFFAOYSA-N	0	1	0	null	0	-30.23	1.27	1:1:15.10	1:1:-2.75;1:4:-4.85	null	null	Name: Triton X-100; alpha-(4-(1,1,3,3-Tetramethylbutyl)phenyl)-omega-hydroxypoly(oxy- 1,2-ethanediyl); alpha-(4-(1,1,3,3-Tetramethylbutyl)phenyl)-omega-hydroxypoly(oxy-1,2-ethanediyl)|AraCyc: CPD-7988|EcoCyc: CPD-7988|KEGG: C11623|MetaCyc: CPD-7988|PlantCyc: CPD-7988	CC(C)(C)CC(C)(C)c1ccc(OCCO)cc1	GC
cpd13391	Tween 20	Tween 20	C26H50O10	522.0	Primary Database	HMFKFHLTUCJZJO-UHFFFAOYSA-N	0	1	0	null	0	-279.29	2.66	1:10:15.60;1:31:14.64;1:35:15.12	1:5:-4.55;1:7:-4.23;1:10:-2.75;1:12:-3.49;1:28:-4.97;1:31:-2.75;1:32:-3.91;1:35:-2.75	null	null	Name: POE (20) sorbitan monolaurate; POE (6) sorbitol monolaurate; Tween 20; monododecanoate; polyoxyethylene (20) sorbitan monolaurate; polyoxyethylene sorbitan monolaurate; polysorbate 20; sorbitan; tween (R) 20|EcoCyc: CPD-3566|KEGG: C11624|MetaCyc: CPD-3566	CCCCCCCCCCCC(=O)OCCOCC(OCCO)C1OCC(OCCO)C1OCCO	GC
cpd13392	Tween 80	Tween 80	C32H60O10	604.0	Primary Database	HDTIFOGXOGLRCB-UHFFFAOYSA-N	0	1	0	null	0	-247.21	2.94	1:12:15.12;1:15:14.64;1:22:15.60	1:4:-4.55;1:6:-4.97;1:8:-4.23;1:11:-3.91;1:12:-2.75;1:15:-2.75;1:19:-3.49;1:22:-2.75	null	null	Name: Polysorbate 80; Tween 80; polysorbate 80|EcoCyc: CPD-3563|KEGG: C11625|MetaCyc: CPD-3563	CCCCCCCCC=CCCCCCCCC(=O)OCCOCC(OCCO)C1OCC(OCCO)C1OCCO	GC
cpd13395	Penillic acid	Penillic acid	C9H10N2O4RS	242.0	Primary Database		-1	1	0	null	0	10000000.0	10000000.0	1:7:3.49;1:11:18.13;1:15:2.73	1:9:-8.41;1:12:12.20	null	null	Name: Penillic acid|KEGG: C11746	*C1=[NH+]C(C(=O)[O-])C2SC(C)(C)[C@H](C(=O)[O-])N12	GC
cpd13396	Penicillenic acid	Penicillenic acid	C9H11N2O4S	242.0	Primary Database	UWPDPCNGYRBHQJ-UHFFFAOYSA-M	-1	1	0	null	0	-83.46	2.56	1:8:17.48;1:13:3.84;1:14:6.66	1:5:-0.89	null	null	Name: 3-Mercapto-N-[(5-oxo-4(5H)-oxazolylidene)methyl]-valine; Penicillenic acid|KEGG: C11747	CC(C)(S)C(=NC=C1NCOC1=O)C(=O)[O-]	GC
cpd13397	6-Methylpenicillin	6-Methylpenicillin	C10H12N2O4RS	257.0	Primary Database		-1	1	0	null	0	10000000.0	10000000.0	1:10:17.56;1:13:4.43	1:9:3.17;1:17:-0.28	null	null	Name: 6-Methylpenicillin|KEGG: C11756	*C(=O)N[C@]1(C)C(=O)N2[C@@H](C(=O)[O-])C(C)(C)S[C@@H]21	GC
cpd13399	Cyclic amide	Cyclic amide	null	0.0	Primary Database		0	1	0	null	0	10000000.0	10000000.0			null	null	Name: Cyclic amide|KEGG: C11824|iRS1563: M_C11824_c		null
cpd13400	[GlcNAc-(1->4)-Mur2Ac(oyl-L-Ala-g-D-Glu-L-Lys-D-Ala-D-Ala)]n- diphosphoundecaprenol	[GlcNAc-(1->4)-Mur2Ac(oyl-L-Ala-g-D-Glu-L-Lys-D-Ala-D-Ala)]n- diphosphoundecaprenol	C133H216N16O45P2	1874.0	Primary Database		-4	1	0	null	0	10000000.0	10000000.0			null	null	Name: [GlcNAc-(1->4)-Mur2Ac(oyl-L-Ala-g-D-Glu-L-Lys-D-Ala-D-Ala)]n+1- diphosphoundecaprenol; [GlcNAc-(1->4)-Mur2Ac(oyl-L-Ala-g-D-Glu-L-Lys-D-Ala-D-Ala)]n+1-diphosphoundecaprenol; [GlcNAc-(1->4)-Mur2Ac(oyl-L-Ala-g-D-Glu-L-Lys-D-Ala-D-Ala)]n- diphosphoundecaprenol; [GlcNAc-(1->4)-Mur2Ac(oyl-L-Ala-g-D-Glu-L-Lys-D-Ala-D-Ala)]n-diphosphoundecaprenol; [GlcNAc-(1->4)-Mur2Ac(oyl-L-Ala-gamma-D-Glu-L-Lys-D-Ala-D-Ala)]n+1-diphosphoundecaprenol; [GlcNAc-(1->4)-Mur2Ac(oyl-L-Ala-gamma-D-Glu-L-Lys-D-Ala-D-Ala)]n-diphosphoundecaprenol|KEGG: C11826		null
cpd13401	[GlcNAc-(1->4)-Mur2Ac(oyl-L-Ala-g-D-Glu-A2pm-D-Ala-D-Ala)]n- diphosphoundecaprenol	[GlcNAc-(1->4)-Mur2Ac(oyl-L-Ala-g-D-Glu-A2pm-D-Ala-D-Ala)]n- diphosphoundecaprenol	C135H214N16O49P2	1918.0	Primary Database		-6	1	0	null	0	10000000.0	10000000.0			null	null	Name: [GlcNAc-(1->4)-Mur2Ac(oyl-L-Ala-g-D-Glu-A2pm-D-Ala-D-Ala)]n+1- diphosphoundecaprenol; [GlcNAc-(1->4)-Mur2Ac(oyl-L-Ala-g-D-Glu-A2pm-D-Ala-D-Ala)]n+1-diphosphoundecaprenol; [GlcNAc-(1->4)-Mur2Ac(oyl-L-Ala-g-D-Glu-A2pm-D-Ala-D-Ala)]n- diphosphoundecaprenol; [GlcNAc-(1->4)-Mur2Ac(oyl-L-Ala-g-D-Glu-A2pm-D-Ala-D-Ala)]n-diphosphoundecaprenol|KEGG: C11827		null
cpd13402	Sugar 1-phosphate	Sugar 1-phosphate	null	0.0	Primary Database		0	1	0	null	0	10000000.0	10000000.0			null	null	Name: Sugar 1-phosphate|KEGG: C11828		null
cpd13403	Tunicamycin	Tunicamycin	C24H35N4O16R	718.0	Primary Database		0	1	0	null	0	10000000.0	10000000.0	1:8:12.40;1:10:13.09;1:26:14.02;1:28:14.58;1:29:11.91;1:41:9.15;1:45:13.47;1:46:12.76	1:10:-3.60;1:26:-3.52;1:28:-3.63;1:45:-3.67;1:46:-3.79	null	null	Name: CPD-5242; N-[2-[3-acetylamino-4,5-dihydroxy-6-(hydroxymethyl) tetrahydropyran-2-yl]oxy-6-[2-[5-[(2,4-dioxo-1H-pyrimidin-1-yl)] -3,4-dihydroxy-tetrahydrofuran-2-yl]-2-hydroxy-ethyl]-4,5- dihydroxy-tetrahydropyran-3-yl]-5-methyl-hex-2-enamide; Tunicamycin; a mycospocidin; a tunicamycin; an N-[2-[3-acetylamino-4,5-dihydroxy-6-(hydroxymethyl) tetrahydropyran-2-yl]oxy-6-[2-[5-[(2,4-dioxo-1H-pyrimidin-1-yl)] -3,4-dihydroxy-tetrahydrofuran-2-yl]-2-hydroxy-ethyl]-4,5- dihydroxy-tetrahydropyran-3-yl]-5-methyl-hex-2-enamide; tunicamycin|EcoCyc: CPD-5242|KEGG: C12063|MetaCyc: CPD-5242	*C(=O)N[C@H]1[C@H](O[C@H]2O[C@H](CO)[C@@H](O)[C@H](O)[C@H]2NC(C)=O)O[C@H](CC(O)[C@H]2O[C@@H](n3ccc(=O)[nH]c3=O)[C@H](O)[C@@H]2O)[C@H](O)[C@@H]1O	GC
cpd13404	c26coa	C26-CoA	C22H31N7O17P3RS	0.0	Primary Database		-4	1	0	null	0	10000000.0	10000000.0	1:21:3.40;1:31:-0.17;1:32:5.65;1:46:2.68	1:15:1.90;1:38:-1.04;1:40:6.26;1:42:-7.46	null	null	Name: C26-CoA; a fatty acyl-CoA; a long-chain fatty acyl-CoA; a medium-chain fatty acyl-CoA; a short-chain fatty acyl-CoA; a very long-chain fatty acyl-CoA; a very-long-chain acyl-CoA; an ultra-long-chain fatty acyl-CoA; fatty acyl-coenzyme A(4-); hexacosenoyl-CoA; hexacosenoyl-CoA(4-); hexacosenoyl-coenzyme A(4-); tetracosenoyl-CoA; tetracosenoyl-coenzyme A(4-)|KEGG: C12146|iIN800: c26coa	*C(=O)SCCNC(=O)CCNC(=O)[C@H](O)C(C)(C)COP(=O)([O-])OP(=O)([O-])OC[C@H]1O[C@@H](n2cnc3c(N)ncnc32)[C@H](O)[C@@H]1OP(=O)([O-])[O-]	GC
cpd13408	Polyvinyl acetate	Polyvinyl acetate	C4H6O2R2	88.0	Primary Database		0	1	0	null	0	10000000.0	10000000.0			null	null	Name: Polyvinyl acetate|KEGG: C12282		null
cpd13411	3,5,7,9,11,13,15-Heptaoxo-hexadecanoyl-[acp]	3,5,7,9,11,13,15-Heptaoxo-hexadecanoyl-[acp]	C16H17O8RS	370.0	Primary Database		0	1	0	null	0	10000000.0	10000000.0	1:2:15.44;1:6:8.28;1:8:14.78;1:10:9.46;1:12:12.11;1:17:16.01;1:19:8.83		null	null	Name: 3,5,7,9,11,13,15-Heptaoxo-hexadecanoyl-[acp]|KEGG: C12348	*SC(=O)CC(O)=CC(=O)CC(=O)CC(=O)C=C(O)[CH-]C(O)=CC(C)=O	GC
cpd13412	3,5,7,9,11,13,15-Heptaoxo-heptadecanoyl-[acp]	3,5,7,9,11,13,15-Heptaoxo-heptadecanoyl-[acp]	C17H19O8RS	384.0	Primary Database		0	1	0	null	0	10000000.0	10000000.0	1:2:15.44;1:6:8.29;1:8:14.78;1:10:9.46;1:12:12.11;1:17:16.01;1:19:8.83		null	null	Name: 3,5,7,9,11,13,15-Heptaoxo-heptadecanoyl-[acp]|KEGG: C12349	*SC(=O)CC(O)=CC(=O)CC(=O)CC(=O)C=C(O)[CH-]C(O)=CC(=O)CC	GC
cpd13413	3,5,7,9,11,13,15-Heptaoxo-octadecanoyl-[acp]	3,5,7,9,11,13,15-Heptaoxo-octadecanoyl-[acp]	C18H21O8RS	398.0	Primary Database		0	1	0	null	0	10000000.0	10000000.0	1:2:16.01;1:6:8.75;1:8:15.44;1:10:8.19;1:12:12.08;1:17:14.78;1:19:9.40	1:25:-5.81	null	null	Name: 3,5,7,9,11,13,15-Heptaoxo-octadecanoyl-[acp]|KEGG: C12350	*SC(=O)CC(O)=CC(=O)CC(=O)CC(=O)C=C(O)[CH-]C(O)=CC(=O)CCC	GC
cpd13414	3,5,7,9,11,13,15,17-Octaoxo-octadecanoyl-[acp]	3,5,7,9,11,13,15,17-Octaoxo-octadecanoyl-[acp]	C18H19O9RS	412.0	Primary Database		0	1	0	null	0	10000000.0	10000000.0	1:2:16.06;1:5:8.24;1:9:15.53;1:11:9.26;1:13:14.10;1:15:10.13;1:20:15.00;1:22:8.75		null	null	Name: 3,5,7,9,11,13,15,17-Octaoxo-octadecanoyl-[acp]|KEGG: C12351	*SC(=O)CC(O)=CC(=O)CC(=O)CC(=O)CC(=O)CC(=O)CC(=O)C=C(C)O	GC
cpd13415	3,5,7,9,11,13,15,17-Octaoxo-nonadecanoyl-[acp]	3,5,7,9,11,13,15,17-Octaoxo-nonadecanoyl-[acp]	C19H21O9RS	426.0	Primary Database		0	1	0	null	0	10000000.0	10000000.0	1:2:16.06;1:5:8.24;1:9:15.53;1:11:9.26;1:13:14.10;1:15:10.14;1:20:15.00;1:22:8.75		null	null	Name: 3,5,7,9,11,13,15,17-Octaoxo-nonadecanoyl-[acp]|KEGG: C12352	*SC(=O)CC(=O)C=C(O)[CH-]C(O)=CC(=O)CC(=O)CC(=O)CC(=O)CC(=O)CC	GC
cpd13416	3,5,7,9,11,13,15,17-Octaoxo-eicosanoyl-[acp]	3,5,7,9,11,13,15,17-Octaoxo-eicosanoyl-[acp]	C20H23O9RS	440.0	Primary Database		0	1	0	null	0	10000000.0	10000000.0	1:2:16.06;1:5:8.15;1:9:15.53;1:11:9.21;1:13:14.10;1:15:10.09;1:20:15.00;1:22:8.68		null	null	Name: 3,5,7,9,11,13,15,17-Octaoxo-eicosanoyl-[acp]|KEGG: C12353	*SC(=O)CC(=O)C=C(O)[CH-]C(O)=CC(=O)CC(=O)CC(=O)CC(=O)CC(=O)CCC	GC
cpd13417	3,5,7,9,11,13,15,17,19-Nonaoxo-eicosanoyl-[acp]	3,5,7,9,11,13,15,17,19-Nonaoxo-eicosanoyl-[acp]	C20H21O10RS	454.0	Primary Database		0	1	0	null	0	10000000.0	10000000.0	1:2:8.68;1:5:8.19;1:9:15.26;1:11:9.13;1:13:15.85;1:15:12.13;1:20:9.74;1:22:14.57		null	null	Name: 3,5,7,9,11,13,15,17,19-Nonaoxo-eicosanoyl-[acp]|KEGG: C12354	*SC(=O)CC(O)=CC(=O)CC(=O)CC(=O)CC(=O)CC(=O)CC(=O)CC(=O)C=C(C)O	GC
cpd13418	3,5,7,9,11,13,15,17,19-Nonaoxo-henicosanoyl-[acp]	3,5,7,9,11,13,15,17,19-Nonaoxo-henicosanoyl-[acp]	C21H23O10RS	468.0	Primary Database		0	1	0	null	0	10000000.0	10000000.0	1:2:8.68;1:5:8.20;1:9:15.26;1:11:9.13;1:13:15.85;1:15:12.13;1:20:9.74;1:22:14.57		null	null	Name: 3,5,7,9,11,13,15,17,19-Nonaoxo-henicosanoyl-[acp]|KEGG: C12355	*SC(=O)CC(=O)C=C(O)CC(=O)CC(=O)CC(=O)CC(=O)CC(=O)CC(=O)CC(=O)CC	GC
cpd13419	3,5,7,9,11,13,15,17,19-Nonaoxo-docosanoyl-[acp]	3,5,7,9,11,13,15,17,19-Nonaoxo-docosanoyl-[acp]	C22H25O10RS	482.0	Primary Database		0	1	0	null	0	10000000.0	10000000.0	1:2:8.61;1:5:8.12;1:9:15.26;1:11:9.07;1:13:15.85;1:15:12.12;1:20:9.70;1:22:14.57		null	null	Name: 3,5,7,9,11,13,15,17,19-Nonaoxo-docosanoyl-[acp]|KEGG: C12356	*SC(=O)CC(=O)C=C(O)CC(=O)CC(=O)CC(=O)CC(=O)CC(=O)CC(O)=CC(=O)CCC	GC
cpd13420	3,5,7,11,13,15-Heptaoxo-9-hydroxy-hexadecanoyl-[acp]	3,5,7,11,13,15-Heptaoxo-9-hydroxy-hexadecanoyl-[acp]	C16H19O8RS	372.0	Primary Database		0	1	0	null	0	10000000.0	10000000.0	1:2:14.96;1:6:8.41;1:8:12.55;1:15:15.81;1:17:11.95;1:19:9.01	1:15:-2.84	null	null	Name: 3,5,7,11,13,15-Heptaoxo-9-hydroxy-hexadecanoyl-[acp]|KEGG: C12357	*SC(=O)CC(O)=CC(=O)C=C(O)CC(O)CC(=O)C=C(O)CC(C)=O	GC
cpd13421	3,5,7,11,13,15-Heptaoxo-9-hydroxy-heptadecanoyl-[acp]	3,5,7,11,13,15-Heptaoxo-9-hydroxy-heptadecanoyl-[acp]	C17H21O8RS	386.0	Primary Database		0	1	0	null	0	10000000.0	10000000.0	1:2:14.96;1:6:8.41;1:8:12.55;1:15:15.81;1:17:11.95;1:19:9.01	1:15:-2.84	null	null	Name: 3,5,7,11,13,15-Heptaoxo-9-hydroxy-heptadecanoyl-[acp]|KEGG: C12358	*SC(=O)CC(O)=CC(=O)C=C(O)CC(O)CC(=O)C=C(O)CC(=O)CC	GC
cpd13422	3,5,7,11,13,15-Heptaoxo-9-hydroxy-octadecanoyl-[acp]	3,5,7,11,13,15-Heptaoxo-9-hydroxy-octadecanoyl-[acp]	C18H23O8RS	400.0	Primary Database		0	1	0	null	0	10000000.0	10000000.0	1:2:15.81;1:6:8.29;1:8:12.52;1:15:14.96;1:17:11.92;1:19:8.93	1:15:-2.84	null	null	Name: 3,5,7,11,13,15-Heptaoxo-9-hydroxy-octadecanoyl-[acp]|KEGG: C12359	*SC(=O)CC(O)=CC(=O)C=C(O)CC(O)CC(=O)C=C(O)CC(=O)CCC	GC
cpd13423	9-Hydroxy-3,5,7,11,13,15,17-octaoxo-octadecanoyl-[acp]	9-Hydroxy-3,5,7,11,13,15,17-octaoxo-octadecanoyl-[acp]	C18H21O9RS	414.0	Primary Database		0	1	0	null	0	10000000.0	10000000.0	1:2:15.87;1:5:8.35;1:9:14.65;1:11:9.64;1:18:15.20;1:20:12.24;1:22:8.91	1:18:-2.84	null	null	Name: 9-Hydroxy-3,5,7,11,13,15,17-octaoxo-octadecanoyl-[acp]|KEGG: C12360	*SC(=O)CC(O)=CC(=O)C=C(O)CC(O)CC(=O)C=C(O)[CH-]C(O)=CC(C)=O	GC
cpd13424	9-Hydroxy-3,5,7,11,13,15,17-octaoxo-nonadecanoyl-[acp]	9-Hydroxy-3,5,7,11,13,15,17-octaoxo-nonadecanoyl-[acp]	C19H23O9RS	428.0	Primary Database		0	1	0	null	0	10000000.0	10000000.0	1:2:15.87;1:5:8.35;1:9:14.65;1:11:9.64;1:18:15.20;1:20:12.24;1:22:8.91	1:18:-2.84	null	null	Name: 9-Hydroxy-3,5,7,11,13,15,17-octaoxo-nonadecanoyl-[acp]|KEGG: C12361	*SC(=O)CC(=O)CC(O)=CC(=O)CC(O)CC(O)=CC(=O)C=C(O)CC(=O)CC	GC
cpd13425	9-Hydroxy-3,5,7,11,13,15,17-octaoxo-eicosanoyl-[acp]	9-Hydroxy-3,5,7,11,13,15,17-octaoxo-eicosanoyl-[acp]	C20H25O9RS	442.0	Primary Database		0	1	0	null	0	10000000.0	10000000.0	1:2:15.87;1:5:8.24;1:9:14.65;1:11:9.56;1:18:15.20;1:20:12.24;1:22:8.84	1:18:-2.84	null	null	Name: 9-Hydroxy-3,5,7,11,13,15,17-octaoxo-eicosanoyl-[acp]|KEGG: C12362	*SC(=O)CC(=O)CC(O)=CC(=O)CC(O)CC(O)=CC(=O)C=C(O)CC(=O)CCC	GC
cpd13426	9-Hydroxy-3,5,7,11,13,15,17,19-nonaoxo-eicosanoyl-[acp]	9-Hydroxy-3,5,7,11,13,15,17,19-nonaoxo-eicosanoyl-[acp]	C20H23O10RS	456.0	Primary Database		0	1	0	null	0	10000000.0	10000000.0	1:2:8.81;1:5:8.29;1:9:12.52;1:11:14.80;1:13:9.36;1:22:11.92;1:24:15.94;1:28:15.36	1:24:-2.84	null	null	Name: 9-Hydroxy-3,5,7,11,13,15,17,19-nonaoxo-eicosanoyl-[acp]|KEGG: C12363	*SC(=O)CC(=O)C=C(O)CC(=O)CC(O)CC(=O)CC(=O)CC(=O)CC(=O)CC(C)=O	GC
cpd13427	9-Hydroxy-3,5,7,11,13,15,17,19-nonaoxo-henicosanoyl-[acp]	9-Hydroxy-3,5,7,11,13,15,17,19-nonaoxo-henicosanoyl-[acp]	C21H25O10RS	470.0	Primary Database		0	1	0	null	0	10000000.0	10000000.0	1:2:8.81;1:5:8.29;1:9:12.53;1:11:14.80;1:13:9.36;1:22:11.92;1:24:15.94;1:28:15.36	1:24:-2.84	null	null	Name: 9-Hydroxy-3,5,7,11,13,15,17,19-nonaoxo-henicosanoyl-[acp]|KEGG: C12364	*SC(=O)CC(=O)C=C(O)CC(=O)CC(O)CC(=O)CC(=O)CC(=O)CC(=O)CC(=O)CC	GC
cpd13428	9-Hydroxy-3,5,7,11,13,15,17,19-nonaoxo-docosanoyl-[acp]	9-Hydroxy-3,5,7,11,13,15,17,19-nonaoxo-docosanoyl-[acp]	C22H27O10RS	484.0	Primary Database		0	1	0	null	0	10000000.0	10000000.0	1:2:8.75;1:5:8.20;1:9:12.51;1:11:14.80;1:13:9.29;1:22:11.91;1:24:15.94;1:28:15.36	1:24:-2.84	null	null	Name: 9-Hydroxy-3,5,7,11,13,15,17,19-nonaoxo-docosanoyl-[acp]|KEGG: C12365	*SC(=O)CC(=O)C=C(O)CC(=O)CC(O)CC(=O)CC(=O)CC(=O)CC(=O)CC(=O)CCC	GC
cpd13429	NAME	NAME	C21H15O8	396.0	Primary Database	VKPZPIRCMXRMRC-UHFFFAOYSA-M	-1	1	0	null	0	-212.51	3.16	1:16:8.06;1:28:8.96;1:29:10.72	1:23:-6.85;1:24:-7.40;1:27:-7.93;1:28:-4.95;1:29:-2.80	null	null	Name: 7-acetoacetyl-8-hydroxy-6-(2-methoxy-2-oxoethyl)-9,10-dioxo-9,10-dihydroanthracen-1-olate; NAME; Nogalonic acid methyl ester; methyl [4,5-dihydroxy-9,10-dioxo-3-(3-oxobutanoyl)-9,10-dihydroanthracen-2-yl]acetate; methyl nogalonate; nogalonic acid methyl ester; nogalonic acid methyl ester(1-)|KEGG: C12415|MetaCyc: CPD-15806	COC(=O)Cc1cc2c(c(O)c1C([O-])=CC(C)=O)C(=O)c1c(O)cccc1C2=O	GC|EQ
cpd13430	18-Carbamoyl-3,5,7,9,11,13,15,17-octaoxo-octadecanoyl-[acp]	18-Carbamoyl-3,5,7,9,11,13,15,17-octaoxo-octadecanoyl-[acp]	C19H20NO10RS	455.0	Primary Database		0	1	0	null	0	10000000.0	10000000.0	1:3:13.02;1:5:8.84;1:9:15.86;1:11:10.22;1:13:15.26;1:15:9.37;1:20:14.58;1:22:8.31		null	null	Name: 18-Carbamoyl-3,5,7,9,11,13,15,17-octaoxo-octadecanoyl-[acp]; Nonaketamide|KEGG: C12441	*SC(=O)CC(O)=CC(=O)CC(=O)CC(=O)CC(=O)CC(=O)CC(=O)CC(=O)CC(N)=O	GC
cpd13431	3-Dimethylallyl-beta-hydroxy-L-tyrosyl-[pcp]	3-Dimethylallyl-beta-hydroxy-L-tyrosyl-[pcp]	C14H18NO3RS	281.0	Primary Database		0	1	0	null	0	10000000.0	10000000.0	1:8:9.27;1:17:13.80	1:8:-6.01;1:17:-3.38;1:18:-6.08;1:19:7.29	null	null	Name: 3-Dimethylallyl-beta-hydroxy-L-tyrosyl-[pcp]|KEGG: C12460	*SC(=O)[C@@H](N)C(O)c1ccc(O)c(CC=C(C)C)c1	GC
cpd13432	L-Tyrosyl-[pcp]	L-Tyrosyl-[pcp]	C9H11NO2RS	197.0	Primary Database		1	1	0	null	0	10000000.0	10000000.0	1:7:9.51	1:7:-5.96;1:13:-6.06;1:14:7.83	null	null	Name: L-Tyrosyl-[pcp]|KEGG: C12461	*SC(=O)[C@@H]([NH3+])Cc1ccc(O)cc1	GC
cpd13433	beta-Hydroxy-L-tyrosyl-[pcp]	beta-Hydroxy-L-tyrosyl-[pcp]	C9H10NO3RS	213.0	Primary Database		0	1	0	null	0	10000000.0	10000000.0	1:11:9.47;1:12:13.82	1:11:-5.96;1:12:-3.37;1:13:-6.08;1:14:7.30	null	null	Name: beta-Hydroxy-L-tyrosyl-[pcp]|KEGG: C12462	*SC(=O)[C@@H](N)C(O)c1ccc(O)cc1	GC
cpd13434	beta-Keto-L-tyrosyl-[pcp]	beta-Keto-L-tyrosyl-[pcp]	C9H8NO3RS	211.0	Primary Database		0	1	0	null	0	10000000.0	10000000.0	1:3:14.98;1:11:7.70	1:11:-6.94;1:12:-8.40;1:13:-6.13;1:14:5.49	null	null	Name: beta-Keto-L-tyrosyl-[pcp]|KEGG: C12463	*SC(=O)[C@@H](N)C(=O)c1ccc(O)cc1	GC
cpd13435	3-Methyl-beta-keto-L-tyrosyl-[pcp]	3-Methyl-beta-keto-L-tyrosyl-[pcp]	C10H10NO3RS	225.0	Primary Database		0	1	0	null	0	10000000.0	10000000.0	1:3:15.02;1:11:8.06	1:11:-6.92;1:12:-8.40;1:13:-6.13;1:14:5.49	null	null	Name: 3-Methyl-beta-keto-L-tyrosyl-[pcp]|KEGG: C12464	*SC(=O)[C@@H](N)C(=O)c1ccc(O)c(C)c1	GC
cpd13436	2-Hydroxy-3-methyl-beta-keto-L-tyrosyl-[pcp]	2-Hydroxy-3-methyl-beta-keto-L-tyrosyl-[pcp]	C10H10NO4RS	241.0	Primary Database		0	1	0	null	0	10000000.0	10000000.0	1:3:15.49;1:11:8.33;1:17:11.15	1:11:-6.52;1:12:-8.57;1:13:-6.13;1:14:5.12;1:17:-3.80	null	null	Name: 2-Hydroxy-3-methyl-beta-keto-L-tyrosyl-[pcp]|KEGG: C12465	*SC(=O)[C@@H](N)C(=O)c1ccc(O)c(C)c1O	GC
cpd13437	2-Hydroxy-beta-keto-L-tyrosyl-[pcp]	2-Hydroxy-beta-keto-L-tyrosyl-[pcp]	C9H8NO4RS	227.0	Primary Database		0	1	0	null	0	10000000.0	10000000.0	1:3:15.45;1:11:7.80;1:16:10.72	1:11:-6.64;1:12:-8.56;1:13:-6.13;1:14:5.12;1:16:-3.92	null	null	Name: 2-Hydroxy-beta-keto-L-tyrosyl-[pcp]|KEGG: C12467	*SC(=O)[C@@H](N)C(=O)c1ccc(O)cc1O	GC
cpd13438	L-Prolyl-[pcp]	L-Prolyl-[pcp]	C5H9NORS	131.0	Primary Database		1	1	0	null	0	10000000.0	10000000.0		1:4:-5.89;1:6:7.26	null	null	Name: L-Prolyl-[pcp]|KEGG: C12470	*SC(=O)[C@@H]1CCC[NH2+]1	GC
cpd13439	2-Pyrroline-2-carboxyl-[pcp]	2-Pyrroline-2-carboxyl-[pcp]	C5H6NORS	129.0	Primary Database		0	1	0	null	0	10000000.0	10000000.0		1:5:1.15	null	null	Name: 2-Pyrroline-2-carboxyl-[pcp]|KEGG: C12482	*SC(=O)C1=CCCN1	GC
cpd13440	Pyrrole-2-carboxyl-[pcp]	Pyrrole-2-carboxyl-[pcp]	C5H4NORS	127.0	Primary Database		0	1	0	null	0	10000000.0	10000000.0	1:5:13.79	1:8:-5.94	null	null	Name: Pyrrole-2-carboxyl-[pcp]|KEGG: C12483	*SC(=O)c1ccc[nH]1	GC
cpd13441	5-Methyl-pyrrole-2-carboxyl-[pcp]	5-Methyl-pyrrole-2-carboxyl-[pcp]	C6H6NORS	141.0	Primary Database		0	1	0	null	0	10000000.0	10000000.0	1:5:14.02	1:8:-5.93	null	null	Name: 5-Methyl-pyrrole-2-carboxyl-[pcp]|KEGG: C12484	*SC(=O)c1ccc(C)[nH]1	GC
cpd13780	Paraformaldehyde	Paraformaldehyde	CH2OR2	30.0	Primary Database		0	1	0	null	0	10000000.0	10000000.0			null	null	Name: Paraformaldehyde|KEGG: C12942		null
cpd13880	Acetylkitasamycin	Acetylkitasamycin	C41H65NO16R	827.0	Primary Database		1	1	0	null	0	10000000.0	10000000.0	1:21:13.88;1:27:16.97	1:3:-6.83;1:6:8.01;1:8:-5.22;1:14:-4.65;1:21:-3.29;1:25:-4.22;1:29:-3.75	null	null	Name: Acetylkitasamycin|KEGG: C13074	*O[C@H]1[C@H](C)O[C@@H](O[C@H]2[C@H]([NH+](C)C)[C@@H](OC(C)=O)[C@H](O[C@@H]3[C@@H](OC)[C@H](OC(C)=O)CC(=O)O[C@H](C)C/C=C/C=C/[C@H](OC(C)=O)[C@H](C)C[C@@H]3CC=O)O[C@@H]2C)C[C@@]1(C)O	GC
cpd13883	Neomycin sulfate	Neomycin sulfate	null	0.0	Orphan		0	1	0	null	0	10000000.0	10000000.0			null	null	Name: Fradiomycin sulfate; Neomycin sulfate		null
cpd13904	Gadodiamide	Gadodiamide	C16H30GdN5O9	416.0	Primary Database		2	1	0	null	0	10000000.0	10000000.0			null	null	Name: Gadodiamide; Gadodiamide hydrate|KEGG: C13106		null
cpd13942	Lentinan	Lentinan	C42H70O35R2	1136.0	Primary Database		0	1	0	null	0	10000000.0	10000000.0			null	null	Name: Lentinan|KEGG: C13156		null
cpd13953	Dihydroergocristine mesylate	Dihydroergocristine mesylate	C36H45N5O8S	706.0	Primary Database	SPXACGZWWVIDGR-SPZWACKZSA-N	0	1	0	null	0	10000000.0	10000000.0	1:5:9.70;1:6:18.85;1:16:11.70;1:42:17.05;2:3:-1.61	1:5:-5.12;1:13:4.44;1:18:3.42;1:24:3.94;1:31:7.96	null	null	Name: Dihydroergocristine mesylate|KEGG: C13168	CC(C)[C@@]1(NC(=O)[C@@H]2C[C@@H]3c4cccc5[nH]cc(c45)C[C@H]3[NH+](C)C2)O[C@@]2(O)[C@@H]3CCCN3C(=O)[C@H](Cc3ccccc3)N2C1=O.CS(=O)(=O)[O-]	GC|EQ
